<?xml version="1.0" encoding="UTF-8"?> 
<project>                                  
  <executable name="XC8Application1.elf">                 
    <memory name="program">              
      <units>bytes</units>                 
      <length>65536</length>                 
      <used>17410</used>                     
      <free>48126</free>                     
    </memory>                              
    <memory name="data">                 
      <units>bytes</units>                 
      <length>8192</length>                 
      <used>816</used>                     
      <free>7376</free>                     
    </memory>                              
  </executable>                            
</project>                                 
