<?xml version="1.0" encoding="UTF-8"?> 
<project>                                  
  <executable name="XC8Application1.elf">                 
    <memory name="program">              
      <units>bytes</units>                 
      <length>16384</length>                 
      <used>172</used>                     
      <free>16212</free>                     
    </memory>                              
    <memory name="data">                 
      <units>bytes</units>                 
      <length>2048</length>                 
      <used>0</used>                     
      <free>2048</free>                     
    </memory>                              
  </executable>                            
</project>                                 
